Variable,Label,Concept,Available Elections,Missing Elections,Percent Elections Available,Average Tract Availability
DP03_0130PE,Estimate!!PERCENTAGE OF FAMILIES AND PEOPLE WHOSE INCOME IN THE PAST 12 MONTHS IS BELOW THE POVERTY LEVEL!!All people!!Under 18 years!!Related children of the householder under 18 years,Selected Economic Characteristics,476,23,0.9539078156312625,0.9226687073369964
DP03_0027E,"Estimate!!OCCUPATION!!Civilian employed population 16 years and over!!Management, business, science, and arts occupations",Selected Economic Characteristics,499,0,1,1
DP02_0045E,Estimate!!GRANDPARENTS!!Number of grandparents living with own grandchildren under 18 years!!Grandparents responsible for grandchildren,Selected Social Characteristics in the United States,499,0,1,1
DP05_0048E,Estimate!!RACE!!Total population!!One race!!Asian!!Japanese,ACS Demographic and Housing Estimates,499,0,1,1
DP05_0073E,Estimate!!HISPANIC OR LATINO AND RACE!!Total population!!Hispanic or Latino (of any race),ACS Demographic and Housing Estimates,499,0,1,1
DP05_0071E,Estimate!!Race alone or in combination with one or more other races!!Total population!!Some Other Race,ACS Demographic and Housing Estimates,499,0,1,1
DP03_0006E,Estimate!!EMPLOYMENT STATUS!!Population 16 years and over!!In labor force!!Armed Forces,Selected Economic Characteristics,499,0,1,1
DP03_0110E,Estimate!!HEALTH INSURANCE COVERAGE!!Civilian noninstitutionalized population 19 to 64 years!!In labor force:!!Unemployed:!!With health insurance coverage,Selected Economic Characteristics,488,11,0.9779559118236473,0.3715965892464834
DP05_0006E,Estimate!!SEX AND AGE!!Total population!!5 to 9 years,ACS Demographic and Housing Estimates,499,0,1,1
DP03_0054E,"Estimate!!INCOME AND BENEFITS (IN 2022 INFLATION-ADJUSTED DOLLARS)!!Total households!!$15,000 to $24,999",Selected Economic Characteristics,499,0,1,1
DP03_0104E,Estimate!!HEALTH INSURANCE COVERAGE!!Civilian noninstitutionalized population 19 to 64 years!!In labor force:!!Employed:,Selected Economic Characteristics,488,11,0.9779559118236473,0.253652846
DP02_0150E,Estimate!!ANCESTRY!!Total population!!Welsh,Selected Social Characteristics in the United States,368,131,0.7374749498997996,1
DP03_0038E,"Estimate!!INDUSTRY!!Civilian employed population 16 years and over!!Transportation and warehousing, and utilities",Selected Economic Characteristics,499,0,1,1
DP05_0050E,Estimate!!RACE!!Total population!!One race!!Asian!!Vietnamese,ACS Demographic and Housing Estimates,499,0,1,1
DP02_0108E,"Estimate!!WORLD REGION OF BIRTH OF FOREIGN BORN!!Foreign-born population, excluding population born at sea!!Africa",Selected Social Characteristics in the United States,499,0,1,1
DP02_0006E,"Estimate!!HOUSEHOLDS BY TYPE!!Total households!!Male householder, no spouse/partner present",Selected Social Characteristics in the United States,499,0,1,1
DP05_0014E,Estimate!!SEX AND AGE!!Total population!!60 to 64 years,ACS Demographic and Housing Estimates,499,0,1,1
DP02_0104E,Estimate!!YEAR OF ENTRY!!Population born outside the United States!!Foreign born!!Entered before 2010,Selected Social Characteristics in the United States,499,0,1,1
DP02_0013E,"Estimate!!HOUSEHOLDS BY TYPE!!Total households!!Female householder, no spouse/partner present!!Householder living alone!!65 years and over",Selected Social Characteristics in the United States,499,0,1,1
DP03_0129PE,Estimate!!PERCENTAGE OF FAMILIES AND PEOPLE WHOSE INCOME IN THE PAST 12 MONTHS IS BELOW THE POVERTY LEVEL!!All people!!Under 18 years,Selected Economic Characteristics,476,23,0.9539078156312625,0.924582548
DP05_0031E,Estimate!!SEX AND AGE!!Total population!!65 years and over!!Female,ACS Demographic and Housing Estimates,499,0,1,1
DP03_0052E,"Estimate!!INCOME AND BENEFITS (IN 2022 INFLATION-ADJUSTED DOLLARS)!!Total households!!Less than $10,000",Selected Economic Characteristics,499,0,1,1
DP05_0032E,Estimate!!SEX AND AGE!!Total population!!65 years and over!!Sex ratio (males per 100 females),ACS Demographic and Housing Estimates,499,0,1,0.9529126071910667
DP02_0128E,Estimate!!ANCESTRY!!Total population!!Danish,Selected Social Characteristics in the United States,499,0,1,1
DP05_0016E,Estimate!!SEX AND AGE!!Total population!!75 to 84 years,ACS Demographic and Housing Estimates,499,0,1,1
DP02_0034E,Estimate!!MARITAL STATUS!!Females 15 years and over!!Separated,Selected Social Characteristics in the United States,499,0,1,1
DP03_0021E,Estimate!!COMMUTING TO WORK!!Workers 16 years and over!!Public transportation (excluding taxicab),Selected Economic Characteristics,499,0,1,1
DP02_0070E,Estimate!!VETERAN STATUS!!Civilian population 18 years and over!!Civilian veterans,Selected Social Characteristics in the United States,441,58,0.8837675350701403,1
DP03_0113E,Estimate!!HEALTH INSURANCE COVERAGE!!Civilian noninstitutionalized population 19 to 64 years!!In labor force:!!Unemployed:!!No health insurance coverage,Selected Economic Characteristics,488,11,0.9779559118236473,0.253652846
DP02_0091E,Estimate!!PLACE OF BIRTH!!Total population!!Native!!Born in United States!!State of residence,Selected Social Characteristics in the United States,499,0,1,1
DP03_0083E,"Estimate!!INCOME AND BENEFITS (IN 2022 INFLATION-ADJUSTED DOLLARS)!!Families!!$100,000 to $149,999",Selected Economic Characteristics,499,0,1,1
DP05_0079E,Estimate!!HISPANIC OR LATINO AND RACE!!Total population!!Not Hispanic or Latino!!White alone,ACS Demographic and Housing Estimates,499,0,1,1
DP05_0049E,Estimate!!RACE!!Total population!!One race!!Asian!!Korean,ACS Demographic and Housing Estimates,499,0,1,1
DP03_0020E,"Estimate!!COMMUTING TO WORK!!Workers 16 years and over!!Car, truck, or van -- carpooled",Selected Economic Characteristics,499,0,1,1
DP03_0053E,"Estimate!!INCOME AND BENEFITS (IN 2022 INFLATION-ADJUSTED DOLLARS)!!Total households!!$10,000 to $14,999",Selected Economic Characteristics,499,0,1,1
DP05_0086E,Estimate!!HISPANIC OR LATINO AND RACE!!Total population!!Not Hispanic or Latino!!Two or More Races!!Two races including Some Other Race,ACS Demographic and Housing Estimates,368,131,0.7374749498997996,1
DP05_0040E,Estimate!!RACE!!Total population!!One race!!American Indian and Alaska Native!!Cherokee tribal grouping,ACS Demographic and Housing Estimates,499,0,1,1
DP03_0036E,Estimate!!INDUSTRY!!Civilian employed population 16 years and over!!Wholesale trade,Selected Economic Characteristics,499,0,1,1
DP02_0083E,Estimate!!RESIDENCE 1 YEAR AGO!!Population 1 year and over!!Different house (in the U.S. or abroad)!!Different house in the U.S.!!Same county,Selected Social Characteristics in the United States,499,0,1,1
DP05_0067E,Estimate!!Race alone or in combination with one or more other races!!Total population!!Black or African American,ACS Demographic and Housing Estimates,499,0,1,1
DP02_0044E,Estimate!!GRANDPARENTS!!Number of grandparents living with own grandchildren under 18 years,Selected Social Characteristics in the United States,499,0,1,1
DP03_0014E,Estimate!!EMPLOYMENT STATUS!!Own children of the householder under 6 years,Selected Economic Characteristics,499,0,1,1
DP02_0094E,Estimate!!PLACE OF BIRTH!!Total population!!Foreign born,Selected Social Characteristics in the United States,499,0,1,1
DP05_0058E,Estimate!!RACE!!Total population!!Two or More Races,ACS Demographic and Housing Estimates,499,0,1,1
DP03_0061E,"Estimate!!INCOME AND BENEFITS (IN 2022 INFLATION-ADJUSTED DOLLARS)!!Total households!!$200,000 or more",Selected Economic Characteristics,499,0,1,1
DP02_0099E,Estimate!!YEAR OF ENTRY!!Population born outside the United States!!Native,Selected Social Characteristics in the United States,499,0,1,1
DP02_0060E,Estimate!!EDUCATIONAL ATTAINMENT!!Population 25 years and over!!Less than 9th grade,Selected Social Characteristics in the United States,499,0,1,1
DP05_0057E,Estimate!!RACE!!Total population!!One race!!Some Other Race,ACS Demographic and Housing Estimates,499,0,1,1
DP02_0122E,Estimate!!LANGUAGE SPOKEN AT HOME!!Population 5 years and over!!Other languages,Selected Social Characteristics in the United States,499,0,1,1
DP02_0003E,Estimate!!HOUSEHOLDS BY TYPE!!Total households!!Married-couple household!!With children of the householder under 18 years,Selected Social Characteristics in the United States,486,13,0.9739478957915831,0.14330211528395795
DP02_0075E,Estimate!!DISABILITY STATUS OF THE CIVILIAN NONINSTITUTIONALIZED POPULATION!!18 to 64 years,Selected Social Characteristics in the United States,441,58,0.8837675350701403,1
DP05_0025E,Estimate!!SEX AND AGE!!Total population!!18 years and over,ACS Demographic and Housing Estimates,499,0,1,1
DP02_0033E,"Estimate!!MARITAL STATUS!!Females 15 years and over!!Now married, except separated",Selected Social Characteristics in the United States,499,0,1,1
DP05_0064E,Estimate!!RACE!!Total population!!Two or More Races!!Black or African American and Some Other Race,ACS Demographic and Housing Estimates,499,0,1,1
DP03_0055E,"Estimate!!INCOME AND BENEFITS (IN 2022 INFLATION-ADJUSTED DOLLARS)!!Total households!!$25,000 to $34,999",Selected Economic Characteristics,499,0,1,1
DP03_0060E,"Estimate!!INCOME AND BENEFITS (IN 2022 INFLATION-ADJUSTED DOLLARS)!!Total households!!$150,000 to $199,999",Selected Economic Characteristics,499,0,1,1
DP02_0059E,Estimate!!EDUCATIONAL ATTAINMENT!!Population 25 years and over,Selected Social Characteristics in the United States,499,0,1,1
DP03_0044E,"Estimate!!INDUSTRY!!Civilian employed population 16 years and over!!Other services, except public administration",Selected Economic Characteristics,499,0,1,1
DP03_0078E,"Estimate!!INCOME AND BENEFITS (IN 2022 INFLATION-ADJUSTED DOLLARS)!!Families!!$15,000 to $24,999",Selected Economic Characteristics,499,0,1,1
DP03_0135PE,Estimate!!PERCENTAGE OF FAMILIES AND PEOPLE WHOSE INCOME IN THE PAST 12 MONTHS IS BELOW THE POVERTY LEVEL!!All people!!18 years and over!!65 years and over,Selected Economic Characteristics,476,23,0.9539078156312625,0.9202333791977483
DP05_0068E,Estimate!!Race alone or in combination with one or more other races!!Total population!!American Indian and Alaska Native,ACS Demographic and Housing Estimates,499,0,1,1
DP05_0015E,Estimate!!SEX AND AGE!!Total population!!65 to 74 years,ACS Demographic and Housing Estimates,499,0,1,1
DP03_0116E,Estimate!!HEALTH INSURANCE COVERAGE!!Civilian noninstitutionalized population 19 to 64 years!!Not in labor force:!!With health insurance coverage!!With private health insurance,Selected Economic Characteristics,488,11,0.9779559118236473,0.3026864565176642
DP02_0018E,Estimate!!RELATIONSHIP!!Population in households,Selected Social Characteristics in the United States,499,0,1,1
DP02_0109E,"Estimate!!WORLD REGION OF BIRTH OF FOREIGN BORN!!Foreign-born population, excluding population born at sea!!Oceania",Selected Social Characteristics in the United States,499,0,1,1
DP02_0111E,"Estimate!!WORLD REGION OF BIRTH OF FOREIGN BORN!!Foreign-born population, excluding population born at sea!!Northern America",Selected Social Characteristics in the United States,499,0,1,1
DP02_0065E,Estimate!!EDUCATIONAL ATTAINMENT!!Population 25 years and over!!Bachelor's degree,Selected Social Characteristics in the United States,499,0,1,1
DP03_0037E,Estimate!!INDUSTRY!!Civilian employed population 16 years and over!!Retail trade,Selected Economic Characteristics,499,0,1,1
DP02_0014E,Estimate!!HOUSEHOLDS BY TYPE!!Total households!!Households with one or more people under 18 years,Selected Social Characteristics in the United States,499,0,1,1
DP03_0079E,"Estimate!!INCOME AND BENEFITS (IN 2022 INFLATION-ADJUSTED DOLLARS)!!Families!!$25,000 to $34,999",Selected Economic Characteristics,499,0,1,1
DP03_0017E,Estimate!!EMPLOYMENT STATUS!!Own children of the householder 6 to 17 years!!All parents in family in labor force,Selected Economic Characteristics,499,0,1,1
DP05_0008E,Estimate!!SEX AND AGE!!Total population!!15 to 19 years,ACS Demographic and Housing Estimates,499,0,1,1
DP03_0122PE,Estimate!!PERCENTAGE OF FAMILIES AND PEOPLE WHOSE INCOME IN THE PAST 12 MONTHS IS BELOW THE POVERTY LEVEL!!All families!!Married couple families,Selected Economic Characteristics,476,23,0.9539078156312625,0.9148732748952502
DP03_0126PE,"Estimate!!PERCENTAGE OF FAMILIES AND PEOPLE WHOSE INCOME IN THE PAST 12 MONTHS IS BELOW THE POVERTY LEVEL!!All families!!Families with female householder, no spouse present!!With related children of the householder under 18 years",Selected Economic Characteristics,470,29,0.9418837675350702,0.8814751389065795
DP03_0051E,Estimate!!INCOME AND BENEFITS (IN 2022 INFLATION-ADJUSTED DOLLARS)!!Total households,Selected Economic Characteristics,499,0,1,1
DP02_0037E,Estimate!!FERTILITY!!Number of women 15 to 50 years old who had a birth in the past 12 months,Selected Social Characteristics in the United States,499,0,1,1
DP05_0055E,Estimate!!RACE!!Total population!!One race!!Native Hawaiian and Other Pacific Islander!!Samoan,ACS Demographic and Housing Estimates,499,0,1,1
DP05_0081E,Estimate!!HISPANIC OR LATINO AND RACE!!Total population!!Not Hispanic or Latino!!American Indian and Alaska Native alone,ACS Demographic and Housing Estimates,499,0,1,1
DP02_0002E,Estimate!!HOUSEHOLDS BY TYPE!!Total households!!Married-couple household,Selected Social Characteristics in the United States,499,0,1,1
DP02_0133E,Estimate!!ANCESTRY!!Total population!!German,Selected Social Characteristics in the United States,499,0,1,1
DP05_0078E,Estimate!!HISPANIC OR LATINO AND RACE!!Total population!!Not Hispanic or Latino,ACS Demographic and Housing Estimates,499,0,1,1
DP03_0003E,Estimate!!EMPLOYMENT STATUS!!Population 16 years and over!!In labor force!!Civilian labor force,Selected Economic Characteristics,499,0,1,1
DP02_0096E,Estimate!!U.S. CITIZENSHIP STATUS!!Foreign-born population!!Naturalized U.S. citizen,Selected Social Characteristics in the United States,499,0,1,1
DP03_0075E,Estimate!!INCOME AND BENEFITS (IN 2022 INFLATION-ADJUSTED DOLLARS)!!Families,Selected Economic Characteristics,499,0,1,1
DP02_0009E,"Estimate!!HOUSEHOLDS BY TYPE!!Total households!!Male householder, no spouse/partner present!!Householder living alone!!65 years and over",Selected Social Characteristics in the United States,499,0,1,1
DP05_0084E,Estimate!!HISPANIC OR LATINO AND RACE!!Total population!!Not Hispanic or Latino!!Some Other Race alone,ACS Demographic and Housing Estimates,395,104,0.7915831663326653,1
DP05_0080E,Estimate!!HISPANIC OR LATINO AND RACE!!Total population!!Not Hispanic or Latino!!Black or African American alone,ACS Demographic and Housing Estimates,499,0,1,1
DP03_0008E,Estimate!!EMPLOYMENT STATUS!!Civilian labor force,Selected Economic Characteristics,499,0,1,1
DP02_0020E,Estimate!!RELATIONSHIP!!Population in households!!Spouse,Selected Social Characteristics in the United States,499,0,1,1
DP05_0062E,Estimate!!RACE!!Total population!!Two or More Races!!White and Some Other Race,ACS Demographic and Housing Estimates,499,0,1,1
DP02_0010E,"Estimate!!HOUSEHOLDS BY TYPE!!Total households!!Female householder, no spouse/partner present",Selected Social Characteristics in the United States,499,0,1,1
DP02_0004E,Estimate!!HOUSEHOLDS BY TYPE!!Total households!!Cohabiting couple household,Selected Social Characteristics in the United States,499,0,1,1
DP05_0034E,Estimate!!RACE!!Total population!!One race,ACS Demographic and Housing Estimates,499,0,1,1
DP03_0077E,"Estimate!!INCOME AND BENEFITS (IN 2022 INFLATION-ADJUSTED DOLLARS)!!Families!!$10,000 to $14,999",Selected Economic Characteristics,499,0,1,1
DP05_0091E,"Estimate!!CITIZEN, VOTING AGE POPULATION!!Citizen, 18 and over population!!Female",ACS Demographic and Housing Estimates,262,237,0.5250501002004008,1
DP03_0039E,Estimate!!INDUSTRY!!Civilian employed population 16 years and over!!Information,Selected Economic Characteristics,499,0,1,1
DP03_0100E,Estimate!!HEALTH INSURANCE COVERAGE!!Civilian noninstitutionalized population under 19 years,Selected Economic Characteristics,441,58,0.8837675350701403,1
DP03_0121E,Estimate!!PERCENTAGE OF FAMILIES AND PEOPLE WHOSE INCOME IN THE PAST 12 MONTHS IS BELOW THE POVERTY LEVEL!!All families!!With related children of the householder under 18 years!!With related children of the householder under 5 years only,Selected Economic Characteristics,47,452,0.094188377,0.17358096144707214
DP03_0007E,Estimate!!EMPLOYMENT STATUS!!Population 16 years and over!!Not in labor force,Selected Economic Characteristics,499,0,1,1
DP03_0009PE,Estimate!!EMPLOYMENT STATUS!!Civilian labor force!!Unemployment Rate,Selected Economic Characteristics,476,23,0.9539078156312625,0.8787883861549022
DP05_0009E,Estimate!!SEX AND AGE!!Total population!!20 to 24 years,ACS Demographic and Housing Estimates,499,0,1,1
DP05_0002E,Estimate!!SEX AND AGE!!Total population!!Male,ACS Demographic and Housing Estimates,499,0,1,1
DP05_0019E,Estimate!!SEX AND AGE!!Total population!!Under 18 years,ACS Demographic and Housing Estimates,499,0,1,1
DP03_0098E,Estimate!!HEALTH INSURANCE COVERAGE!!Civilian noninstitutionalized population!!With health insurance coverage!!With public coverage,Selected Economic Characteristics,441,58,0.8837675350701403,1
DP05_0088E,Estimate!!Total housing units,ACS Demographic and Housing Estimates,368,131,0.7374749498997996,1
DP02_0079E,Estimate!!RESIDENCE 1 YEAR AGO!!Population 1 year and over,Selected Social Characteristics in the United States,499,0,1,1
DP05_0042E,Estimate!!RACE!!Total population!!One race!!American Indian and Alaska Native!!Navajo tribal grouping,ACS Demographic and Housing Estimates,499,0,1,1
DP05_0041E,Estimate!!RACE!!Total population!!One race!!American Indian and Alaska Native!!Chippewa tribal grouping,ACS Demographic and Housing Estimates,499,0,1,1
DP02_0021E,Estimate!!RELATIONSHIP!!Population in households!!Unmarried partner,Selected Social Characteristics in the United States,499,0,1,1
DP03_0064E,Estimate!!INCOME AND BENEFITS (IN 2022 INFLATION-ADJUSTED DOLLARS)!!Total households!!With earnings,Selected Economic Characteristics,499,0,1,0.9607142857142857
DP02_0087E,Estimate!!RESIDENCE 1 YEAR AGO!!Population 1 year and over!!Different house (in the U.S. or abroad)!!Abroad,Selected Social Characteristics in the United States,499,0,1,1
DP02_0114E,Estimate!!LANGUAGE SPOKEN AT HOME!!Population 5 years and over!!Language other than English,Selected Social Characteristics in the United States,499,0,1,1
DP03_0045E,Estimate!!INDUSTRY!!Civilian employed population 16 years and over!!Public administration,Selected Economic Characteristics,499,0,1,1
DP03_0043E,"Estimate!!INDUSTRY!!Civilian employed population 16 years and over!!Arts, entertainment, and recreation, and accommodation and food services",Selected Economic Characteristics,499,0,1,1
DP03_0103E,Estimate!!HEALTH INSURANCE COVERAGE!!Civilian noninstitutionalized population 19 to 64 years!!In labor force:,Selected Economic Characteristics,488,11,0.9779559118236473,0.17030715192326262
DP02_0118E,Estimate!!LANGUAGE SPOKEN AT HOME!!Population 5 years and over!!Other Indo-European languages,Selected Social Characteristics in the United States,499,0,1,1
DP03_0084E,"Estimate!!INCOME AND BENEFITS (IN 2022 INFLATION-ADJUSTED DOLLARS)!!Families!!$150,000 to $199,999",Selected Economic Characteristics,499,0,1,1
DP02_0082E,Estimate!!RESIDENCE 1 YEAR AGO!!Population 1 year and over!!Different house (in the U.S. or abroad)!!Different house in the U.S.,Selected Social Characteristics in the United States,499,0,1,1
DP02_0124E,Estimate!!ANCESTRY!!Total population,Selected Social Characteristics in the United States,499,0,1,1
DP02_0138E,Estimate!!ANCESTRY!!Total population!!Lithuanian,Selected Social Characteristics in the United States,499,0,1,1
DP05_0045E,Estimate!!RACE!!Total population!!One race!!Asian!!Asian Indian,ACS Demographic and Housing Estimates,499,0,1,1
DP03_0092E,Estimate!!INCOME AND BENEFITS (IN 2022 INFLATION-ADJUSTED DOLLARS)!!Median earnings for workers (dollars),Selected Economic Characteristics,499,0,1,0.9492624727324006
DP05_0023E,Estimate!!SEX AND AGE!!Total population!!62 years and over,ACS Demographic and Housing Estimates,499,0,1,1
DP02_0024E,Estimate!!RELATIONSHIP!!Population in households!!Other nonrelatives,Selected Social Characteristics in the United States,499,0,1,1
DP02_0152E,Estimate!!COMPUTERS AND INTERNET USE!!Total households,Selected Social Characteristics in the United States,368,131,0.7374749498997996,1
DP03_0091E,Estimate!!INCOME AND BENEFITS (IN 2022 INFLATION-ADJUSTED DOLLARS)!!Nonfamily households!!Mean nonfamily income (dollars),Selected Economic Characteristics,499,0,1,0.9544360792599558
DP03_0002E,Estimate!!EMPLOYMENT STATUS!!Population 16 years and over!!In labor force,Selected Economic Characteristics,499,0,1,1
DP05_0017E,Estimate!!SEX AND AGE!!Total population!!85 years and over,ACS Demographic and Housing Estimates,499,0,1,1
DP05_0021E,Estimate!!SEX AND AGE!!Total population!!18 years and over,ACS Demographic and Housing Estimates,499,0,1,1
DP02_0030E,Estimate!!MARITAL STATUS!!Males 15 years and over!!Divorced,Selected Social Characteristics in the United States,499,0,1,1
DP03_0013E,Estimate!!EMPLOYMENT STATUS!!Females 16 years and over!!In labor force!!Civilian labor force!!Employed,Selected Economic Characteristics,499,0,1,1
DP03_0093E,"Estimate!!INCOME AND BENEFITS (IN 2022 INFLATION-ADJUSTED DOLLARS)!!Median earnings for male full-time, year-round workers (dollars)",Selected Economic Characteristics,499,0,1,0.9363048765916732
DP03_0097E,Estimate!!HEALTH INSURANCE COVERAGE!!Civilian noninstitutionalized population!!With health insurance coverage!!With private health insurance,Selected Economic Characteristics,441,58,0.8837675350701403,1
DP03_0108E,Estimate!!HEALTH INSURANCE COVERAGE!!Civilian noninstitutionalized population 19 to 64 years!!In labor force:!!Employed:!!No health insurance coverage,Selected Economic Characteristics,488,11,0.9779559118236473,0.36567777750352926
DP05_0037E,Estimate!!RACE!!Total population!!One race!!White,ACS Demographic and Housing Estimates,499,0,1,1
DP03_0094E,"Estimate!!INCOME AND BENEFITS (IN 2022 INFLATION-ADJUSTED DOLLARS)!!Median earnings for female full-time, year-round workers (dollars)",Selected Economic Characteristics,499,0,1,0.9447673542206588
DP02_0119E,"Estimate!!LANGUAGE SPOKEN AT HOME!!Population 5 years and over!!Other Indo-European languages!!Speak English less than ""very well""",Selected Social Characteristics in the United States,499,0,1,1
DP03_0012E,Estimate!!EMPLOYMENT STATUS!!Females 16 years and over!!In labor force!!Civilian labor force,Selected Economic Characteristics,499,0,1,1
DP03_0029E,Estimate!!OCCUPATION!!Civilian employed population 16 years and over!!Sales and office occupations,Selected Economic Characteristics,499,0,1,1
DP03_0035E,Estimate!!INDUSTRY!!Civilian employed population 16 years and over!!Manufacturing,Selected Economic Characteristics,499,0,1,1
DP02_0057E,Estimate!!SCHOOL ENROLLMENT!!Population 3 years and over enrolled in school!!High school (grades 9-12),Selected Social Characteristics in the United States,499,0,1,1
DP03_0050E,Estimate!!CLASS OF WORKER!!Civilian employed population 16 years and over!!Unpaid family workers,Selected Economic Characteristics,499,0,1,1
DP02_0125E,Estimate!!ANCESTRY!!Total population!!American,Selected Social Characteristics in the United States,499,0,1,1
DP02_0103E,Estimate!!YEAR OF ENTRY!!Population born outside the United States!!Foreign born!!Entered 2010 or later,Selected Social Characteristics in the United States,499,0,1,1
DP03_0119PE,Estimate!!PERCENTAGE OF FAMILIES AND PEOPLE WHOSE INCOME IN THE PAST 12 MONTHS IS BELOW THE POVERTY LEVEL!!All families,Selected Economic Characteristics,476,23,0.9539078156312625,0.902876388
DP02_0140E,Estimate!!ANCESTRY!!Total population!!Polish,Selected Social Characteristics in the United States,499,0,1,1
DP03_0016E,Estimate!!EMPLOYMENT STATUS!!Own children of the householder 6 to 17 years,Selected Economic Characteristics,499,0,1,1
DP03_0030E,"Estimate!!OCCUPATION!!Civilian employed population 16 years and over!!Natural resources, construction, and maintenance occupations",Selected Economic Characteristics,499,0,1,1
DP03_0024E,Estimate!!COMMUTING TO WORK!!Workers 16 years and over!!Worked from home,Selected Economic Characteristics,499,0,1,1
DP03_0001E,Estimate!!EMPLOYMENT STATUS!!Population 16 years and over,Selected Economic Characteristics,499,0,1,1
DP03_0068E,Estimate!!INCOME AND BENEFITS (IN 2022 INFLATION-ADJUSTED DOLLARS)!!Total households!!With retirement income,Selected Economic Characteristics,499,0,1,0.9624109913270384
DP02_0126E,Estimate!!ANCESTRY!!Total population!!Arab,Selected Social Characteristics in the United States,499,0,1,1
DP03_0019E,"Estimate!!COMMUTING TO WORK!!Workers 16 years and over!!Car, truck, or van -- drove alone",Selected Economic Characteristics,499,0,1,1
DP02_0047E,Estimate!!GRANDPARENTS!!Number of grandparents living with own grandchildren under 18 years!!Years responsible for grandchildren!!1 or 2 years,Selected Social Characteristics in the United States,499,0,1,1
DP03_0133PE,Estimate!!PERCENTAGE OF FAMILIES AND PEOPLE WHOSE INCOME IN THE PAST 12 MONTHS IS BELOW THE POVERTY LEVEL!!All people!!18 years and over,Selected Economic Characteristics,476,23,0.9539078156312625,0.8750132975995503
DP02_0093E,"Estimate!!PLACE OF BIRTH!!Total population!!Native!!Born in Puerto Rico, U.S. Island areas, or born abroad to American parent(s)",Selected Social Characteristics in the United States,499,0,1,1
DP05_0038E,Estimate!!RACE!!Total population!!One race!!Black or African American,ACS Demographic and Housing Estimates,499,0,1,1
DP03_0047E,Estimate!!CLASS OF WORKER!!Civilian employed population 16 years and over!!Private wage and salary workers,Selected Economic Characteristics,499,0,1,1
DP02_0007E,"Estimate!!HOUSEHOLDS BY TYPE!!Total households!!Male householder, no spouse/partner present!!With children of the householder under 18 years",Selected Social Characteristics in the United States,486,13,0.9739478957915831,0.14330211528395795
DP02_0147E,Estimate!!ANCESTRY!!Total population!!Swedish,Selected Social Characteristics in the United States,499,0,1,1
DP03_0042E,"Estimate!!INDUSTRY!!Civilian employed population 16 years and over!!Educational services, and health care and social assistance",Selected Economic Characteristics,499,0,1,1
DP02_0063E,"Estimate!!EDUCATIONAL ATTAINMENT!!Population 25 years and over!!Some college, no degree",Selected Social Characteristics in the United States,499,0,1,1
DP02_0031E,Estimate!!MARITAL STATUS!!Females 15 years and over,Selected Social Characteristics in the United States,499,0,1,1
DP02_0098E,Estimate!!YEAR OF ENTRY!!Population born outside the United States,Selected Social Characteristics in the United States,499,0,1,1
DP02_0113E,Estimate!!LANGUAGE SPOKEN AT HOME!!Population 5 years and over!!English only,Selected Social Characteristics in the United States,499,0,1,1
DP03_0101E,Estimate!!HEALTH INSURANCE COVERAGE!!Civilian noninstitutionalized population under 19 years!!No health insurance coverage,Selected Economic Characteristics,441,58,0.8837675350701403,1
DP02_0132E,Estimate!!ANCESTRY!!Total population!!French Canadian,Selected Social Characteristics in the United States,499,0,1,1
DP02_0061E,"Estimate!!EDUCATIONAL ATTAINMENT!!Population 25 years and over!!9th to 12th grade, no diploma",Selected Social Characteristics in the United States,499,0,1,1
DP02_0081E,Estimate!!RESIDENCE 1 YEAR AGO!!Population 1 year and over!!Different house (in the U.S. or abroad),Selected Social Characteristics in the United States,499,0,1,1
DP03_0117E,Estimate!!HEALTH INSURANCE COVERAGE!!Civilian noninstitutionalized population 19 to 64 years!!Not in labor force:!!With health insurance coverage!!With public coverage,Selected Economic Characteristics,488,11,0.9779559118236473,0.17358096144707214
DP02_0123E,"Estimate!!LANGUAGE SPOKEN AT HOME!!Population 5 years and over!!Other languages!!Speak English less than ""very well""",Selected Social Characteristics in the United States,499,0,1,1
DP05_0005E,Estimate!!SEX AND AGE!!Total population!!Under 5 years,ACS Demographic and Housing Estimates,499,0,1,1
DP02_0100E,Estimate!!YEAR OF ENTRY!!Population born outside the United States!!Native!!Entered 2010 or later,Selected Social Characteristics in the United States,499,0,1,1
DP02_0023E,Estimate!!RELATIONSHIP!!Population in households!!Other relatives,Selected Social Characteristics in the United States,499,0,1,1
DP03_0032E,Estimate!!INDUSTRY!!Civilian employed population 16 years and over,Selected Economic Characteristics,499,0,1,1
DP02_0017E,Estimate!!HOUSEHOLDS BY TYPE!!Total households!!Average family size,Selected Social Characteristics in the United States,499,0,1,0.9664748496794232
DP03_0125PE,"Estimate!!PERCENTAGE OF FAMILIES AND PEOPLE WHOSE INCOME IN THE PAST 12 MONTHS IS BELOW THE POVERTY LEVEL!!All families!!Families with female householder, no spouse present",Selected Economic Characteristics,476,23,0.9539078156312625,0.9266259892104046
DP02_0102E,Estimate!!YEAR OF ENTRY!!Population born outside the United States!!Foreign born,Selected Social Characteristics in the United States,499,0,1,1
DP05_0022E,Estimate!!SEX AND AGE!!Total population!!21 years and over,ACS Demographic and Housing Estimates,499,0,1,1
DP05_0046E,Estimate!!RACE!!Total population!!One race!!Asian!!Chinese,ACS Demographic and Housing Estimates,499,0,1,1
DP03_0087E,Estimate!!INCOME AND BENEFITS (IN 2022 INFLATION-ADJUSTED DOLLARS)!!Families!!Mean family income (dollars),Selected Economic Characteristics,499,0,1,0.9642994515989551
DP05_0044E,Estimate!!RACE!!Total population!!One race!!Asian,ACS Demographic and Housing Estimates,499,0,1,1
DP02_0142E,Estimate!!ANCESTRY!!Total population!!Russian,Selected Social Characteristics in the United States,499,0,1,1
DP03_0076E,"Estimate!!INCOME AND BENEFITS (IN 2022 INFLATION-ADJUSTED DOLLARS)!!Families!!Less than $10,000",Selected Economic Characteristics,499,0,1,1
DP02_0085E,Estimate!!RESIDENCE 1 YEAR AGO!!Population 1 year and over!!Different house (in the U.S. or abroad)!!Different house in the U.S.!!Different county!!Same state,Selected Social Characteristics in the United States,499,0,1,1
DP03_0065E,Estimate!!INCOME AND BENEFITS (IN 2022 INFLATION-ADJUSTED DOLLARS)!!Total households!!With earnings!!Mean earnings (dollars),Selected Economic Characteristics,497,2,0.9959919839679359,0.9658812575999597
DP02_0052E,Estimate!!GRANDPARENTS!!Number of grandparents responsible for own grandchildren under 18 years!!Who are married,Selected Social Characteristics in the United States,499,0,1,1
DP03_0058E,"Estimate!!INCOME AND BENEFITS (IN 2022 INFLATION-ADJUSTED DOLLARS)!!Total households!!$75,000 to $99,999",Selected Economic Characteristics,499,0,1,1
DP03_0137PE,Estimate!!PERCENTAGE OF FAMILIES AND PEOPLE WHOSE INCOME IN THE PAST 12 MONTHS IS BELOW THE POVERTY LEVEL!!All people!!Unrelated individuals 15 years and over,Selected Economic Characteristics,476,23,0.9539078156312625,0.9004637518567614
DP03_0041E,"Estimate!!INDUSTRY!!Civilian employed population 16 years and over!!Professional, scientific, and management, and administrative and waste management services",Selected Economic Characteristics,499,0,1,1
DP03_0134PE,Estimate!!PERCENTAGE OF FAMILIES AND PEOPLE WHOSE INCOME IN THE PAST 12 MONTHS IS BELOW THE POVERTY LEVEL!!All people!!18 years and over!!18 to 64 years,Selected Economic Characteristics,476,23,0.9539078156312625,0.8846236581366291
DP02_0049E,Estimate!!GRANDPARENTS!!Number of grandparents living with own grandchildren under 18 years!!Years responsible for grandchildren!!5 or more years,Selected Social Characteristics in the United States,499,0,1,1
DP05_0089E,"Estimate!!CITIZEN, VOTING AGE POPULATION!!Citizen, 18 and over population",ACS Demographic and Housing Estimates,368,131,0.7374749498997996,1
DP03_0086E,Estimate!!INCOME AND BENEFITS (IN 2022 INFLATION-ADJUSTED DOLLARS)!!Families!!Median family income (dollars),Selected Economic Characteristics,499,0,1,0.9391688012438949
DP02_0117E,"Estimate!!LANGUAGE SPOKEN AT HOME!!Population 5 years and over!!Spanish!!Speak English less than ""very well""",Selected Social Characteristics in the United States,499,0,1,1
DP02_0080E,Estimate!!RESIDENCE 1 YEAR AGO!!Population 1 year and over!!Same house,Selected Social Characteristics in the United States,499,0,1,1
DP02_0136E,Estimate!!ANCESTRY!!Total population!!Irish,Selected Social Characteristics in the United States,499,0,1,1
DP03_0048E,Estimate!!CLASS OF WORKER!!Civilian employed population 16 years and over!!Government workers,Selected Economic Characteristics,499,0,1,1
DP03_0034E,Estimate!!INDUSTRY!!Civilian employed population 16 years and over!!Construction,Selected Economic Characteristics,499,0,1,1
DP02_0027E,"Estimate!!MARITAL STATUS!!Males 15 years and over!!Now married, except separated",Selected Social Characteristics in the United States,499,0,1,1
DP02_0116E,Estimate!!LANGUAGE SPOKEN AT HOME!!Population 5 years and over!!Spanish,Selected Social Characteristics in the United States,499,0,1,1
DP02_0127E,Estimate!!ANCESTRY!!Total population!!Czech,Selected Social Characteristics in the United States,499,0,1,1
DP05_0074E,Estimate!!HISPANIC OR LATINO AND RACE!!Total population!!Hispanic or Latino (of any race)!!Mexican,ACS Demographic and Housing Estimates,499,0,1,1
DP03_0066E,Estimate!!INCOME AND BENEFITS (IN 2022 INFLATION-ADJUSTED DOLLARS)!!Total households!!With Social Security,Selected Economic Characteristics,499,0,1,0.9607142857142857
DP03_0114E,Estimate!!HEALTH INSURANCE COVERAGE!!Civilian noninstitutionalized population 19 to 64 years!!Not in labor force:,Selected Economic Characteristics,488,11,0.9779559118236473,0.253652846
DP03_0106E,Estimate!!HEALTH INSURANCE COVERAGE!!Civilian noninstitutionalized population 19 to 64 years!!In labor force:!!Employed:!!With health insurance coverage!!With private health insurance,Selected Economic Characteristics,488,11,0.9779559118236473,0.253652846
DP02_0008E,"Estimate!!HOUSEHOLDS BY TYPE!!Total households!!Male householder, no spouse/partner present!!Householder living alone",Selected Social Characteristics in the United States,499,0,1,1
DP05_0051E,Estimate!!RACE!!Total population!!One race!!Asian!!Other Asian,ACS Demographic and Housing Estimates,499,0,1,1
DP02_0086E,Estimate!!RESIDENCE 1 YEAR AGO!!Population 1 year and over!!Different house (in the U.S. or abroad)!!Different house in the U.S.!!Different county!!Different state,Selected Social Characteristics in the United States,499,0,1,1
DP05_0085E,Estimate!!HISPANIC OR LATINO AND RACE!!Total population!!Not Hispanic or Latino!!Two or More Races,ACS Demographic and Housing Estimates,368,131,0.7374749498997996,1
DP02_0073E,Estimate!!DISABILITY STATUS OF THE CIVILIAN NONINSTITUTIONALIZED POPULATION!!Under 18 years,Selected Social Characteristics in the United States,441,58,0.8837675350701403,1
DP02_0056E,Estimate!!SCHOOL ENROLLMENT!!Population 3 years and over enrolled in school!!Elementary school (grades 1-8),Selected Social Characteristics in the United States,499,0,1,1
DP02_0130E,Estimate!!ANCESTRY!!Total population!!English,Selected Social Characteristics in the United States,499,0,1,1
DP05_0077E,Estimate!!HISPANIC OR LATINO AND RACE!!Total population!!Hispanic or Latino (of any race)!!Other Hispanic or Latino,ACS Demographic and Housing Estimates,499,0,1,1
DP02_0146E,Estimate!!ANCESTRY!!Total population!!Subsaharan African,Selected Social Characteristics in the United States,499,0,1,1
DP03_0010E,Estimate!!EMPLOYMENT STATUS!!Females 16 years and over,Selected Economic Characteristics,499,0,1,1
DP02_0148E,Estimate!!ANCESTRY!!Total population!!Swiss,Selected Social Characteristics in the United States,499,0,1,1
DP02_0154E,Estimate!!COMPUTERS AND INTERNET USE!!Total households!!With a broadband Internet subscription,Selected Social Characteristics in the United States,314,185,0.6292585170340681,0.8361017463286576
DP02_0112E,Estimate!!LANGUAGE SPOKEN AT HOME!!Population 5 years and over,Selected Social Characteristics in the United States,499,0,1,1
DP02_0134E,Estimate!!ANCESTRY!!Total population!!Greek,Selected Social Characteristics in the United States,499,0,1,1
DP03_0005E,Estimate!!EMPLOYMENT STATUS!!Population 16 years and over!!In labor force!!Civilian labor force!!Unemployed,Selected Economic Characteristics,499,0,1,1
DP02_0064E,Estimate!!EDUCATIONAL ATTAINMENT!!Population 25 years and over!!Associate's degree,Selected Social Characteristics in the United States,499,0,1,1
DP05_0011E,Estimate!!SEX AND AGE!!Total population!!35 to 44 years,ACS Demographic and Housing Estimates,499,0,1,1
DP03_0081E,"Estimate!!INCOME AND BENEFITS (IN 2022 INFLATION-ADJUSTED DOLLARS)!!Families!!$50,000 to $74,999",Selected Economic Characteristics,499,0,1,1
DP03_0109E,Estimate!!HEALTH INSURANCE COVERAGE!!Civilian noninstitutionalized population 19 to 64 years!!In labor force:!!Unemployed:,Selected Economic Characteristics,488,11,0.9779559118236473,0.3605910237319355
DP05_0053E,Estimate!!RACE!!Total population!!One race!!Native Hawaiian and Other Pacific Islander!!Chamorro,ACS Demographic and Housing Estimates,499,0,1,1
DP02_0084E,Estimate!!RESIDENCE 1 YEAR AGO!!Population 1 year and over!!Different house (in the U.S. or abroad)!!Different house in the U.S.!!Different county,Selected Social Characteristics in the United States,499,0,1,1
DP05_0012E,Estimate!!SEX AND AGE!!Total population!!45 to 54 years,ACS Demographic and Housing Estimates,499,0,1,1
DP02_0097E,Estimate!!U.S. CITIZENSHIP STATUS!!Foreign-born population!!Not a U.S. citizen,Selected Social Characteristics in the United States,499,0,1,1
DP05_0033E,Estimate!!RACE!!Total population,ACS Demographic and Housing Estimates,499,0,1,1
DP02_0062E,Estimate!!EDUCATIONAL ATTAINMENT!!Population 25 years and over!!High school graduate (includes equivalency),Selected Social Characteristics in the United States,499,0,1,1
DP02_0092E,Estimate!!PLACE OF BIRTH!!Total population!!Native!!Born in United States!!Different state,Selected Social Characteristics in the United States,499,0,1,1
DP03_0015E,Estimate!!EMPLOYMENT STATUS!!Own children of the householder under 6 years!!All parents in family in labor force,Selected Economic Characteristics,499,0,1,1
DP05_0066E,Estimate!!Race alone or in combination with one or more other races!!Total population!!White,ACS Demographic and Housing Estimates,499,0,1,1
DP02_0058E,Estimate!!SCHOOL ENROLLMENT!!Population 3 years and over enrolled in school!!College or graduate school,Selected Social Characteristics in the United States,499,0,1,1
DP05_0083E,Estimate!!HISPANIC OR LATINO AND RACE!!Total population!!Not Hispanic or Latino!!Native Hawaiian and Other Pacific Islander alone,ACS Demographic and Housing Estimates,395,104,0.7915831663326653,1
DP03_0033E,"Estimate!!INDUSTRY!!Civilian employed population 16 years and over!!Agriculture, forestry, fishing and hunting, and mining",Selected Economic Characteristics,499,0,1,1
DP03_0082E,"Estimate!!INCOME AND BENEFITS (IN 2022 INFLATION-ADJUSTED DOLLARS)!!Families!!$75,000 to $99,999",Selected Economic Characteristics,499,0,1,1
DP02_0015E,Estimate!!HOUSEHOLDS BY TYPE!!Total households!!Households with one or more people 65 years and over,Selected Social Characteristics in the United States,499,0,1,1
DP03_0063E,Estimate!!INCOME AND BENEFITS (IN 2022 INFLATION-ADJUSTED DOLLARS)!!Total households!!Mean household income (dollars),Selected Economic Characteristics,499,0,1,0.966561067
DP05_0065E,Estimate!!Race alone or in combination with one or more other races!!Total population,ACS Demographic and Housing Estimates,499,0,1,1
DP03_0057E,"Estimate!!INCOME AND BENEFITS (IN 2022 INFLATION-ADJUSTED DOLLARS)!!Total households!!$50,000 to $74,999",Selected Economic Characteristics,499,0,1,1
DP02_0153E,Estimate!!COMPUTERS AND INTERNET USE!!Total households!!With a computer,Selected Social Characteristics in the United States,339,160,0.6793587174348698,1
DP02_0028E,Estimate!!MARITAL STATUS!!Males 15 years and over!!Separated,Selected Social Characteristics in the United States,499,0,1,1
DP05_0043E,Estimate!!RACE!!Total population!!One race!!American Indian and Alaska Native!!Sioux tribal grouping,ACS Demographic and Housing Estimates,499,0,1,1
DP05_0039E,Estimate!!RACE!!Total population!!One race!!American Indian and Alaska Native,ACS Demographic and Housing Estimates,499,0,1,1
DP02_0042E,"Estimate!!FERTILITY!!Number of women 15 to 50 years old who had a birth in the past 12 months!!Per 1,000 women 20 to 34 years old",Selected Social Characteristics in the United States,499,0,1,0.9690296948868428
DP03_0095E,Estimate!!HEALTH INSURANCE COVERAGE!!Civilian noninstitutionalized population,Selected Economic Characteristics,488,11,0.9779559118236473,0.2557086214726497
DP02_0025E,Estimate!!MARITAL STATUS!!Males 15 years and over,Selected Social Characteristics in the United States,499,0,1,1
DP02_0048E,Estimate!!GRANDPARENTS!!Number of grandparents living with own grandchildren under 18 years!!Years responsible for grandchildren!!3 or 4 years,Selected Social Characteristics in the United States,499,0,1,1
DP02_0022E,Estimate!!RELATIONSHIP!!Population in households!!Child,Selected Social Characteristics in the United States,499,0,1,1
DP02_0106E,"Estimate!!WORLD REGION OF BIRTH OF FOREIGN BORN!!Foreign-born population, excluding population born at sea!!Europe",Selected Social Characteristics in the United States,499,0,1,1
DP05_0047E,Estimate!!RACE!!Total population!!One race!!Asian!!Filipino,ACS Demographic and Housing Estimates,499,0,1,1
DP02_0151E,Estimate!!ANCESTRY!!Total population!!West Indian (excluding Hispanic origin groups),Selected Social Characteristics in the United States,368,131,0.7374749498997996,1
DP05_0054E,Estimate!!RACE!!Total population!!One race!!Native Hawaiian and Other Pacific Islander!!Native Hawaiian,ACS Demographic and Housing Estimates,499,0,1,1
DP02_0039E,"Estimate!!FERTILITY!!Number of women 15 to 50 years old who had a birth in the past 12 months!!Unmarried women (widowed, divorced, and never married)!!Per 1,000 unmarried women",Selected Social Characteristics in the United States,499,0,1,0.9740713793577953
DP03_0115E,Estimate!!HEALTH INSURANCE COVERAGE!!Civilian noninstitutionalized population 19 to 64 years!!Not in labor force:!!With health insurance coverage,Selected Economic Characteristics,488,11,0.9779559118236473,0.32315073352877005
DP05_0003E,Estimate!!SEX AND AGE!!Total population!!Female,ACS Demographic and Housing Estimates,499,0,1,1
DP03_0062E,Estimate!!INCOME AND BENEFITS (IN 2022 INFLATION-ADJUSTED DOLLARS)!!Total households!!Median household income (dollars),Selected Economic Characteristics,499,0,1,0.9633571545673815
DP03_0046E,Estimate!!CLASS OF WORKER!!Civilian employed population 16 years and over,Selected Economic Characteristics,499,0,1,1
DP02_0053E,Estimate!!SCHOOL ENROLLMENT!!Population 3 years and over enrolled in school,Selected Social Characteristics in the United States,499,0,1,1
DP02_0019E,Estimate!!RELATIONSHIP!!Population in households!!Householder,Selected Social Characteristics in the United States,499,0,1,1
DP02_0139E,Estimate!!ANCESTRY!!Total population!!Norwegian,Selected Social Characteristics in the United States,499,0,1,1
DP02_0012E,"Estimate!!HOUSEHOLDS BY TYPE!!Total households!!Female householder, no spouse/partner present!!Householder living alone",Selected Social Characteristics in the United States,499,0,1,1
DP03_0069E,Estimate!!INCOME AND BENEFITS (IN 2022 INFLATION-ADJUSTED DOLLARS)!!Total households!!With retirement income!!Mean retirement income (dollars),Selected Economic Characteristics,499,0,1,0.9421797948447594
DP05_0030E,Estimate!!SEX AND AGE!!Total population!!65 years and over!!Male,ACS Demographic and Housing Estimates,499,0,1,1
DP02_0038E,"Estimate!!FERTILITY!!Number of women 15 to 50 years old who had a birth in the past 12 months!!Unmarried women (widowed, divorced, and never married)",Selected Social Characteristics in the United States,499,0,1,0.9736842105263158
DP03_0088E,Estimate!!INCOME AND BENEFITS (IN 2022 INFLATION-ADJUSTED DOLLARS)!!Per capita income (dollars),Selected Economic Characteristics,499,0,1,0.9631559631730612
DP05_0001E,Estimate!!SEX AND AGE!!Total population,ACS Demographic and Housing Estimates,499,0,1,1
DP02_0144E,Estimate!!ANCESTRY!!Total population!!Scottish,Selected Social Characteristics in the United States,499,0,1,1
DP05_0004E,Estimate!!SEX AND AGE!!Total population!!Sex ratio (males per 100 females),ACS Demographic and Housing Estimates,499,0,1,0.982665864
DP05_0028E,Estimate!!SEX AND AGE!!Total population!!18 years and over!!Sex ratio (males per 100 females),ACS Demographic and Housing Estimates,499,0,1,0.982665864
DP02_0029E,Estimate!!MARITAL STATUS!!Males 15 years and over!!Widowed,Selected Social Characteristics in the United States,499,0,1,1
DP02_0088E,Estimate!!PLACE OF BIRTH!!Total population,Selected Social Characteristics in the United States,499,0,1,1
DP03_0118E,Estimate!!HEALTH INSURANCE COVERAGE!!Civilian noninstitutionalized population 19 to 64 years!!Not in labor force:!!No health insurance coverage,Selected Economic Characteristics,488,11,0.9779559118236473,0.17358096144707214
DP05_0070E,Estimate!!Race alone or in combination with one or more other races!!Total population!!Native Hawaiian and Other Pacific Islander,ACS Demographic and Housing Estimates,499,0,1,1
DP05_0069E,Estimate!!Race alone or in combination with one or more other races!!Total population!!Asian,ACS Demographic and Housing Estimates,499,0,1,1
DP05_0060E,Estimate!!RACE!!Total population!!Two or More Races!!White and American Indian and Alaska Native,ACS Demographic and Housing Estimates,499,0,1,1
DP02_0078E,Estimate!!DISABILITY STATUS OF THE CIVILIAN NONINSTITUTIONALIZED POPULATION!!65 years and over!!With a disability,Selected Social Characteristics in the United States,499,0,1,1
DP05_0010E,Estimate!!SEX AND AGE!!Total population!!25 to 34 years,ACS Demographic and Housing Estimates,499,0,1,1
DP05_0056E,Estimate!!RACE!!Total population!!One race!!Native Hawaiian and Other Pacific Islander!!Other Native Hawaiian and Other Pacific Islander,ACS Demographic and Housing Estimates,499,0,1,1
DP03_0105E,Estimate!!HEALTH INSURANCE COVERAGE!!Civilian noninstitutionalized population 19 to 64 years!!In labor force:!!Employed:!!With health insurance coverage,Selected Economic Characteristics,488,11,0.9779559118236473,0.3885936868001901
DP02_0076E,Estimate!!DISABILITY STATUS OF THE CIVILIAN NONINSTITUTIONALIZED POPULATION!!18 to 64 years!!With a disability,Selected Social Characteristics in the United States,441,58,0.8837675350701403,1
DP02_0066E,Estimate!!EDUCATIONAL ATTAINMENT!!Population 25 years and over!!Graduate or professional degree,Selected Social Characteristics in the United States,410,89,0.8216432865731463,0.17358096144707214
DP02_0149E,Estimate!!ANCESTRY!!Total population!!Ukrainian,Selected Social Characteristics in the United States,499,0,1,1
DP03_0022E,Estimate!!COMMUTING TO WORK!!Workers 16 years and over!!Walked,Selected Economic Characteristics,499,0,1,1
DP02_0131E,Estimate!!ANCESTRY!!Total population!!French (except Basque),Selected Social Characteristics in the United States,499,0,1,1
DP05_0024E,Estimate!!SEX AND AGE!!Total population!!65 years and over,ACS Demographic and Housing Estimates,499,0,1,1
DP05_0035E,Estimate!!RACE!!Total population!!Two or More Races,ACS Demographic and Housing Estimates,499,0,1,1
DP03_0089E,Estimate!!INCOME AND BENEFITS (IN 2022 INFLATION-ADJUSTED DOLLARS)!!Nonfamily households,Selected Economic Characteristics,499,0,1,0.9607142857142857
DP05_0020E,Estimate!!SEX AND AGE!!Total population!!16 years and over,ACS Demographic and Housing Estimates,499,0,1,1
DP03_0128PE,Estimate!!PERCENTAGE OF FAMILIES AND PEOPLE WHOSE INCOME IN THE PAST 12 MONTHS IS BELOW THE POVERTY LEVEL!!All people,Selected Economic Characteristics,476,23,0.9539078156312625,0.8750132975995503
DP03_0059E,"Estimate!!INCOME AND BENEFITS (IN 2022 INFLATION-ADJUSTED DOLLARS)!!Total households!!$100,000 to $149,999",Selected Economic Characteristics,499,0,1,1
DP05_0075E,Estimate!!HISPANIC OR LATINO AND RACE!!Total population!!Hispanic or Latino (of any race)!!Puerto Rican,ACS Demographic and Housing Estimates,499,0,1,1
DP02_0090E,Estimate!!PLACE OF BIRTH!!Total population!!Native!!Born in United States,Selected Social Characteristics in the United States,499,0,1,1
DP02_0120E,Estimate!!LANGUAGE SPOKEN AT HOME!!Population 5 years and over!!Asian and Pacific Islander languages,Selected Social Characteristics in the United States,499,0,1,1
DP03_0107E,Estimate!!HEALTH INSURANCE COVERAGE!!Civilian noninstitutionalized population 19 to 64 years!!In labor force:!!Employed:!!With health insurance coverage!!With public coverage,Selected Economic Characteristics,488,11,0.9779559118236473,0.24868593362530722
DP02_0115E,"Estimate!!LANGUAGE SPOKEN AT HOME!!Population 5 years and over!!Language other than English!!Speak English less than ""very well""",Selected Social Characteristics in the United States,499,0,1,1
DP05_0087E,"Estimate!!HISPANIC OR LATINO AND RACE!!Total population!!Not Hispanic or Latino!!Two or More Races!!Two races excluding Some Other Race, and three or more races",ACS Demographic and Housing Estimates,368,131,0.7374749498997996,1
DP02_0135E,Estimate!!ANCESTRY!!Total population!!Hungarian,Selected Social Characteristics in the United States,499,0,1,1
DP03_0049E,Estimate!!CLASS OF WORKER!!Civilian employed population 16 years and over!!Self-employed in own not incorporated business workers,Selected Economic Characteristics,499,0,1,1
DP05_0076E,Estimate!!HISPANIC OR LATINO AND RACE!!Total population!!Hispanic or Latino (of any race)!!Cuban,ACS Demographic and Housing Estimates,499,0,1,1
DP02_0121E,"Estimate!!LANGUAGE SPOKEN AT HOME!!Population 5 years and over!!Asian and Pacific Islander languages!!Speak English less than ""very well""",Selected Social Characteristics in the United States,499,0,1,1
DP02_0040E,"Estimate!!FERTILITY!!Number of women 15 to 50 years old who had a birth in the past 12 months!!Per 1,000 women 15 to 50 years old",Selected Social Characteristics in the United States,499,0,1,0.9258230079745065
DP03_0004E,Estimate!!EMPLOYMENT STATUS!!Population 16 years and over!!In labor force!!Civilian labor force!!Employed,Selected Economic Characteristics,499,0,1,1
DP03_0112E,Estimate!!HEALTH INSURANCE COVERAGE!!Civilian noninstitutionalized population 19 to 64 years!!In labor force:!!Unemployed:!!With health insurance coverage!!With public coverage,Selected Economic Characteristics,488,11,0.9779559118236473,0.17358096144707214
DP05_0082E,Estimate!!HISPANIC OR LATINO AND RACE!!Total population!!Not Hispanic or Latino!!Asian alone,ACS Demographic and Housing Estimates,395,104,0.7915831663326653,1
DP02_0067E,Estimate!!EDUCATIONAL ATTAINMENT!!Population 25 years and over!!High school graduate or higher,Selected Social Characteristics in the United States,410,89,0.8216432865731463,0.17358096144707214
DP03_0073E,Estimate!!INCOME AND BENEFITS (IN 2022 INFLATION-ADJUSTED DOLLARS)!!Total households!!With cash public assistance income!!Mean cash public assistance income (dollars),Selected Economic Characteristics,487,12,0.9759519038076152,0.6652657627681098
DP03_0099E,Estimate!!HEALTH INSURANCE COVERAGE!!Civilian noninstitutionalized population!!No health insurance coverage,Selected Economic Characteristics,441,58,0.8837675350701403,1
DP03_0023E,Estimate!!COMMUTING TO WORK!!Workers 16 years and over!!Other means,Selected Economic Characteristics,499,0,1,1
DP03_0074E,Estimate!!INCOME AND BENEFITS (IN 2022 INFLATION-ADJUSTED DOLLARS)!!Total households!!With Food Stamp/SNAP benefits in the past 12 months,Selected Economic Characteristics,499,0,1,0.8614226735321399
DP05_0059E,Estimate!!RACE!!Total population!!Two or More Races!!White and Black or African American,ACS Demographic and Housing Estimates,499,0,1,1
DP02_0043E,"Estimate!!FERTILITY!!Number of women 15 to 50 years old who had a birth in the past 12 months!!Per 1,000 women 35 to 50 years old",Selected Social Characteristics in the United States,499,0,1,0.9652702950389328
DP03_0120PE,Estimate!!PERCENTAGE OF FAMILIES AND PEOPLE WHOSE INCOME IN THE PAST 12 MONTHS IS BELOW THE POVERTY LEVEL!!All families!!With related children of the householder under 18 years,Selected Economic Characteristics,476,23,0.9539078156312625,0.9223700215544397
DP02_0050E,Estimate!!GRANDPARENTS!!Number of grandparents responsible for own grandchildren under 18 years,Selected Social Characteristics in the United States,499,0,1,1
DP02_0069E,Estimate!!VETERAN STATUS!!Civilian population 18 years and over,Selected Social Characteristics in the United States,499,0,1,1
DP02_0072E,Estimate!!DISABILITY STATUS OF THE CIVILIAN NONINSTITUTIONALIZED POPULATION!!Total Civilian Noninstitutionalized Population!!With a disability,Selected Social Characteristics in the United States,441,58,0.8837675350701403,1
DP02_0077E,Estimate!!DISABILITY STATUS OF THE CIVILIAN NONINSTITUTIONALIZED POPULATION!!65 years and over,Selected Social Characteristics in the United States,441,58,0.8837675350701403,1
DP02_0137E,Estimate!!ANCESTRY!!Total population!!Italian,Selected Social Characteristics in the United States,499,0,1,1
DP05_0026E,Estimate!!SEX AND AGE!!Total population!!18 years and over!!Male,ACS Demographic and Housing Estimates,499,0,1,1
DP03_0040E,"Estimate!!INDUSTRY!!Civilian employed population 16 years and over!!Finance and insurance, and real estate and rental and leasing",Selected Economic Characteristics,499,0,1,1
DP03_0028E,Estimate!!OCCUPATION!!Civilian employed population 16 years and over!!Service occupations,Selected Economic Characteristics,499,0,1,1
DP03_0096E,Estimate!!HEALTH INSURANCE COVERAGE!!Civilian noninstitutionalized population!!With health insurance coverage,Selected Economic Characteristics,441,58,0.8837675350701403,1
DP03_0111E,Estimate!!HEALTH INSURANCE COVERAGE!!Civilian noninstitutionalized population 19 to 64 years!!In labor force:!!Unemployed:!!With health insurance coverage!!With private health insurance,Selected Economic Characteristics,484,15,0.96993988,0.20578330714701384
DP03_0090E,Estimate!!INCOME AND BENEFITS (IN 2022 INFLATION-ADJUSTED DOLLARS)!!Nonfamily households!!Median nonfamily income (dollars),Selected Economic Characteristics,499,0,1,0.8843428805069831
DP03_0011E,Estimate!!EMPLOYMENT STATUS!!Females 16 years and over!!In labor force,Selected Economic Characteristics,499,0,1,1
DP03_0031E,"Estimate!!OCCUPATION!!Civilian employed population 16 years and over!!Production, transportation, and material moving occupations",Selected Economic Characteristics,499,0,1,1
DP02_0129E,Estimate!!ANCESTRY!!Total population!!Dutch,Selected Social Characteristics in the United States,499,0,1,1
DP05_0013E,Estimate!!SEX AND AGE!!Total population!!55 to 59 years,ACS Demographic and Housing Estimates,499,0,1,1
DP03_0072E,Estimate!!INCOME AND BENEFITS (IN 2022 INFLATION-ADJUSTED DOLLARS)!!Total households!!With cash public assistance income,Selected Economic Characteristics,499,0,1,0.9329871975782007
DP05_0052E,Estimate!!RACE!!Total population!!One race!!Native Hawaiian and Other Pacific Islander,ACS Demographic and Housing Estimates,499,0,1,1
DP05_0007E,Estimate!!SEX AND AGE!!Total population!!10 to 14 years,ACS Demographic and Housing Estimates,499,0,1,1
DP02_0101E,Estimate!!YEAR OF ENTRY!!Population born outside the United States!!Native!!Entered before 2010,Selected Social Characteristics in the United States,499,0,1,1
DP02_0071E,Estimate!!DISABILITY STATUS OF THE CIVILIAN NONINSTITUTIONALIZED POPULATION!!Total Civilian Noninstitutionalized Population,Selected Social Characteristics in the United States,441,58,0.8837675350701403,1
DP02_0035E,Estimate!!MARITAL STATUS!!Females 15 years and over!!Widowed,Selected Social Characteristics in the United States,499,0,1,1
DP02_0105E,"Estimate!!WORLD REGION OF BIRTH OF FOREIGN BORN!!Foreign-born population, excluding population born at sea",Selected Social Characteristics in the United States,499,0,1,1
DP02_0141E,Estimate!!ANCESTRY!!Total population!!Portuguese,Selected Social Characteristics in the United States,499,0,1,1
DP02_0145E,Estimate!!ANCESTRY!!Total population!!Slovak,Selected Social Characteristics in the United States,499,0,1,1
DP03_0102E,Estimate!!HEALTH INSURANCE COVERAGE!!Civilian noninstitutionalized population 19 to 64 years,Selected Economic Characteristics,441,58,0.8837675350701403,1
DP02_0041E,"Estimate!!FERTILITY!!Number of women 15 to 50 years old who had a birth in the past 12 months!!Per 1,000 women 15 to 19 years old",Selected Social Characteristics in the United States,499,0,1,0.9142655315663054
DP03_0085E,"Estimate!!INCOME AND BENEFITS (IN 2022 INFLATION-ADJUSTED DOLLARS)!!Families!!$200,000 or more",Selected Economic Characteristics,499,0,1,1
DP02_0068E,Estimate!!EDUCATIONAL ATTAINMENT!!Population 25 years and over!!Bachelor's degree or higher,Selected Social Characteristics in the United States,499,0,1,1
DP02_0011E,"Estimate!!HOUSEHOLDS BY TYPE!!Total households!!Female householder, no spouse/partner present!!With children of the householder under 18 years",Selected Social Characteristics in the United States,486,13,0.9739478957915831,0.14330211528395795
DP05_0072E,Estimate!!HISPANIC OR LATINO AND RACE!!Total population,ACS Demographic and Housing Estimates,499,0,1,1
DP02_0095E,Estimate!!U.S. CITIZENSHIP STATUS!!Foreign-born population,Selected Social Characteristics in the United States,499,0,1,1
DP02_0054E,"Estimate!!SCHOOL ENROLLMENT!!Population 3 years and over enrolled in school!!Nursery school, preschool",Selected Social Characteristics in the United States,499,0,1,1
DP03_0070E,Estimate!!INCOME AND BENEFITS (IN 2022 INFLATION-ADJUSTED DOLLARS)!!Total households!!With Supplemental Security Income,Selected Economic Characteristics,499,0,1,0.9612930505779286
DP02_0001E,Estimate!!HOUSEHOLDS BY TYPE!!Total households,Selected Social Characteristics in the United States,499,0,1,1
DP02_0036E,Estimate!!MARITAL STATUS!!Females 15 years and over!!Divorced,Selected Social Characteristics in the United States,499,0,1,1
DP02_0089E,Estimate!!PLACE OF BIRTH!!Total population!!Native,Selected Social Characteristics in the United States,499,0,1,1
DP02_0110E,"Estimate!!WORLD REGION OF BIRTH OF FOREIGN BORN!!Foreign-born population, excluding population born at sea!!Latin America",Selected Social Characteristics in the United States,499,0,1,1
DP03_0071E,Estimate!!INCOME AND BENEFITS (IN 2022 INFLATION-ADJUSTED DOLLARS)!!Total households!!With Supplemental Security Income!!Mean Supplemental Security Income (dollars),Selected Economic Characteristics,499,0,1,0.7489757517654304
DP02_0055E,Estimate!!SCHOOL ENROLLMENT!!Population 3 years and over enrolled in school!!Kindergarten,Selected Social Characteristics in the United States,499,0,1,1
DP03_0067E,Estimate!!INCOME AND BENEFITS (IN 2022 INFLATION-ADJUSTED DOLLARS)!!Total households!!With Social Security!!Mean Social Security income (dollars),Selected Economic Characteristics,499,0,1,0.943671763
DP03_0136PE,Estimate!!PERCENTAGE OF FAMILIES AND PEOPLE WHOSE INCOME IN THE PAST 12 MONTHS IS BELOW THE POVERTY LEVEL!!All people!!People in families,Selected Economic Characteristics,476,23,0.9539078156312625,0.903400497
DP03_0056E,"Estimate!!INCOME AND BENEFITS (IN 2022 INFLATION-ADJUSTED DOLLARS)!!Total households!!$35,000 to $49,999",Selected Economic Characteristics,499,0,1,1
DP02_0005E,Estimate!!HOUSEHOLDS BY TYPE!!Total households!!Cohabiting couple household!!With children of the householder under 18 years,Selected Social Characteristics in the United States,486,13,0.9739478957915831,0.14330211528395795
DP05_0036E,Estimate!!RACE!!Total population!!One race,ACS Demographic and Housing Estimates,499,0,1,1
DP05_0061E,Estimate!!RACE!!Total population!!Two or More Races!!White and Asian,ACS Demographic and Housing Estimates,499,0,1,1
DP05_0063E,Estimate!!RACE!!Total population!!Two or More Races!!Black or African American and American Indian and Alaska Native,ACS Demographic and Housing Estimates,499,0,1,1
DP03_0018E,Estimate!!COMMUTING TO WORK!!Workers 16 years and over,Selected Economic Characteristics,499,0,1,1
DP05_0029E,Estimate!!SEX AND AGE!!Total population!!65 years and over,ACS Demographic and Housing Estimates,499,0,1,1
DP05_0027E,Estimate!!SEX AND AGE!!Total population!!18 years and over!!Female,ACS Demographic and Housing Estimates,499,0,1,1
DP02_0016E,Estimate!!HOUSEHOLDS BY TYPE!!Total households!!Average household size,Selected Social Characteristics in the United States,499,0,1,0.9666956801710046
DP03_0025E,Estimate!!COMMUTING TO WORK!!Workers 16 years and over!!Mean travel time to work (minutes),Selected Economic Characteristics,499,0,1,0.9687125380752575
DP05_0018E,Estimate!!SEX AND AGE!!Total population!!Median age (years),ACS Demographic and Housing Estimates,499,0,1,0.9628640459966347
DP02_0143E,Estimate!!ANCESTRY!!Total population!!Scotch-Irish,Selected Social Characteristics in the United States,499,0,1,1
DP03_0026E,Estimate!!OCCUPATION!!Civilian employed population 16 years and over,Selected Economic Characteristics,499,0,1,1
DP02_0107E,"Estimate!!WORLD REGION OF BIRTH OF FOREIGN BORN!!Foreign-born population, excluding population born at sea!!Asia",Selected Social Characteristics in the United States,499,0,1,1
DP02_0046E,Estimate!!GRANDPARENTS!!Number of grandparents living with own grandchildren under 18 years!!Years responsible for grandchildren!!Less than 1 year,Selected Social Characteristics in the United States,499,0,1,1
DP02_0026E,Estimate!!MARITAL STATUS!!Males 15 years and over!!Never married,Selected Social Characteristics in the United States,499,0,1,1
DP02_0074E,Estimate!!DISABILITY STATUS OF THE CIVILIAN NONINSTITUTIONALIZED POPULATION!!Under 18 years!!With a disability,Selected Social Characteristics in the United States,441,58,0.8837675350701403,1
DP03_0123PE,Estimate!!PERCENTAGE OF FAMILIES AND PEOPLE WHOSE INCOME IN THE PAST 12 MONTHS IS BELOW THE POVERTY LEVEL!!All families!!Married couple families!!With related children of the householder under 18 years,Selected Economic Characteristics,453,46,0.9078156312625251,0.9266078170680471
DP05_0090E,"Estimate!!CITIZEN, VOTING AGE POPULATION!!Citizen, 18 and over population!!Male",ACS Demographic and Housing Estimates,262,237,0.5250501002004008,1
DP03_0080E,"Estimate!!INCOME AND BENEFITS (IN 2022 INFLATION-ADJUSTED DOLLARS)!!Families!!$35,000 to $49,999",Selected Economic Characteristics,499,0,1,1
DP02_0032E,Estimate!!MARITAL STATUS!!Females 15 years and over!!Never married,Selected Social Characteristics in the United States,499,0,1,1
DP02_0051E,Estimate!!GRANDPARENTS!!Number of grandparents responsible for own grandchildren under 18 years!!Who are female,Selected Social Characteristics in the United States,499,0,1,1
